problem_id,status,coverage_before,coverage_after
HumanEval_0,already_100,100.0,100.0
HumanEval_1,already_100,100.0,100.0
HumanEval_2,already_100,100.0,100.0
HumanEval_3,already_100,100.0,100.0
HumanEval_4,success,89.0,100.0
HumanEval_5,already_100,100.0,100.0
HumanEval_6,already_100,100.0,100.0
HumanEval_7,already_100,100.0,100.0
HumanEval_8,already_100,100.0,100.0
HumanEval_9,already_100,100.0,100.0
HumanEval_10,already_100,100.0,100.0
HumanEval_11,already_100,100.0,100.0
HumanEval_12,already_100,100.0,100.0
HumanEval_13,already_100,100.0,100.0
HumanEval_14,already_100,100.0,100.0
HumanEval_15,already_100,100.0,100.0
HumanEval_16,already_100,100.0,100.0
HumanEval_17,already_100,100.0,100.0
HumanEval_18,already_100,100.0,100.0
HumanEval_19,already_100,100.0,100.0
HumanEval_20,already_100,100.0,100.0
HumanEval_21,success,91.0,100.0
HumanEval_22,already_100,100.0,100.0
HumanEval_23,already_100,100.0,100.0
HumanEval_24,already_100,100.0,100.0
HumanEval_25,already_100,100.0,100.0
HumanEval_26,already_100,100.0,100.0
HumanEval_27,already_100,100.0,100.0
HumanEval_28,already_100,100.0,100.0
HumanEval_29,already_100,100.0,100.0
HumanEval_30,already_100,100.0,100.0
HumanEval_31,already_100,100.0,100.0
HumanEval_32,llm_failed,88.0,88.0
HumanEval_33,already_100,100.0,100.0
HumanEval_34,already_100,100.0,100.0
HumanEval_35,already_100,100.0,100.0
HumanEval_36,already_100,100.0,100.0
HumanEval_37,already_100,100.0,100.0
HumanEval_38,coverage_decreased,62.0,62.0
HumanEval_39,coverage_decreased,93.0,93.0
HumanEval_40,already_100,100.0,100.0
HumanEval_41,already_100,100.0,100.0
HumanEval_42,already_100,100.0,100.0
HumanEval_43,already_100,100.0,100.0
HumanEval_44,already_100,100.0,100.0
HumanEval_45,already_100,100.0,100.0
HumanEval_46,already_100,100.0,100.0
HumanEval_47,success,90.0,100.0
HumanEval_48,already_100,100.0,100.0
HumanEval_49,already_100,100.0,100.0
HumanEval_50,coverage_decreased,75.0,75.0
HumanEval_51,already_100,100.0,100.0
HumanEval_52,already_100,100.0,100.0
HumanEval_53,already_100,100.0,100.0
HumanEval_54,already_100,100.0,100.0
HumanEval_55,success,91.0,100.0
HumanEval_56,already_100,100.0,100.0
HumanEval_57,already_100,100.0,100.0
HumanEval_58,already_100,100.0,100.0
HumanEval_59,already_100,100.0,100.0
HumanEval_60,already_100,100.0,100.0
HumanEval_61,already_100,100.0,100.0
HumanEval_62,already_100,100.0,100.0
HumanEval_63,already_100,100.0,100.0
HumanEval_64,already_100,100.0,100.0
HumanEval_65,success,80.0,100.0
HumanEval_66,already_100,100.0,100.0
HumanEval_67,already_100,100.0,100.0
HumanEval_68,already_100,100.0,100.0
HumanEval_69,already_100,100.0,100.0
HumanEval_70,already_100,100.0,100.0
HumanEval_71,already_100,100.0,100.0
HumanEval_72,already_100,100.0,100.0
HumanEval_73,already_100,100.0,100.0
HumanEval_74,already_100,100.0,100.0
HumanEval_75,already_100,100.0,100.0
HumanEval_76,merge_failed,79.0,79.0
HumanEval_77,already_100,100.0,100.0
HumanEval_78,already_100,100.0,100.0
HumanEval_79,already_100,100.0,100.0
HumanEval_80,already_100,100.0,100.0
HumanEval_81,already_100,100.0,100.0
HumanEval_82,already_100,100.0,100.0
HumanEval_83,already_100,100.0,100.0
HumanEval_84,already_100,100.0,100.0
HumanEval_85,already_100,100.0,100.0
HumanEval_86,already_100,100.0,100.0
HumanEval_87,already_100,100.0,100.0
HumanEval_88,already_100,100.0,100.0
HumanEval_89,already_100,100.0,100.0
HumanEval_90,already_100,100.0,100.0
HumanEval_91,already_100,100.0,100.0
HumanEval_92,already_100,100.0,100.0
HumanEval_93,already_100,100.0,100.0
HumanEval_94,already_100,100.0,100.0
HumanEval_95,already_100,100.0,100.0
HumanEval_96,success,95.0,95.0
HumanEval_97,already_100,100.0,100.0
HumanEval_98,already_100,100.0,100.0
HumanEval_99,already_100,100.0,100.0
HumanEval_100,already_100,100.0,100.0
HumanEval_101,already_100,100.0,100.0
HumanEval_102,already_100,100.0,100.0
HumanEval_103,already_100,100.0,100.0
HumanEval_104,already_100,100.0,100.0
HumanEval_105,already_100,100.0,100.0
HumanEval_106,already_100,100.0,100.0
HumanEval_107,already_100,100.0,100.0
HumanEval_108,already_100,100.0,100.0
HumanEval_109,already_100,100.0,100.0
HumanEval_110,already_100,100.0,100.0
HumanEval_111,already_100,100.0,100.0
HumanEval_112,already_100,100.0,100.0
HumanEval_113,already_100,100.0,100.0
HumanEval_114,already_100,100.0,100.0
HumanEval_115,already_100,100.0,100.0
HumanEval_116,already_100,100.0,100.0
HumanEval_117,already_100,100.0,100.0
HumanEval_118,already_100,100.0,100.0
HumanEval_119,already_100,100.0,100.0
HumanEval_120,already_100,100.0,100.0
HumanEval_121,already_100,100.0,100.0
HumanEval_122,already_100,100.0,100.0
HumanEval_123,already_100,100.0,100.0
HumanEval_124,success,87.0,94.0
HumanEval_125,already_100,100.0,100.0
HumanEval_126,already_100,100.0,100.0
HumanEval_127,coverage_decreased,91.0,91.0
HumanEval_128,already_100,100.0,100.0
HumanEval_129,no_coverage_data,N/A,N/A
HumanEval_130,already_100,100.0,100.0
HumanEval_131,already_100,100.0,100.0
HumanEval_132,success,93.0,100.0
HumanEval_133,already_100,100.0,100.0
HumanEval_134,already_100,100.0,100.0
HumanEval_135,already_100,100.0,100.0
HumanEval_136,already_100,100.0,100.0
HumanEval_137,success,80.0,100.0
HumanEval_138,already_100,100.0,100.0
HumanEval_139,success,80.0,100.0
HumanEval_140,already_100,100.0,100.0
HumanEval_141,already_100,100.0,100.0
HumanEval_142,already_100,100.0,100.0
HumanEval_143,success,85.0,100.0
HumanEval_144,already_100,100.0,100.0
HumanEval_145,already_100,100.0,100.0
HumanEval_146,already_100,0.0,0.0
HumanEval_147,already_100,100.0,100.0
HumanEval_148,already_100,100.0,100.0
HumanEval_149,already_100,100.0,100.0
HumanEval_150,already_100,100.0,100.0
HumanEval_151,already_100,100.0,100.0
HumanEval_152,already_100,100.0,100.0
HumanEval_153,already_100,100.0,100.0
HumanEval_154,already_100,100.0,100.0
HumanEval_155,already_100,100.0,100.0
HumanEval_156,success,90.0,100.0
HumanEval_157,success,86.0,100.0
HumanEval_158,success,93.0,100.0
HumanEval_159,already_100,100.0,100.0
HumanEval_160,already_100,100.0,100.0
HumanEval_161,already_100,100.0,100.0
HumanEval_162,already_100,100.0,100.0
HumanEval_163,already_100,100.0,100.0
